<application>
  <component name="ProjectManager">
    <defaultProject>
      <component name="Encoding" addBOMForNewFiles="with BOM under Windows, with no BOM otherwise" />
      <component name="PropertiesComponent"><![CDATA[{
  "keyToString": {
    "settings.editor.selected.configurable": "preferences.pluginManager"
  }
}]]></component>
      <component name="WindowStateProjectService">
        <state x="781" y="265" key="SettingsEditor" timestamp="1677324876808">
          <screen x="0" y="0" width="2560" height="1552" />
        </state>
        <state x="781" y="265" key="SettingsEditor/0.0.2560.1552" timestamp="1677324876808" />
      </component>
    </defaultProject>
  </component>
</application>